City_ID,City,Country,Lat,Lng,Max Temp,Humidity,Cloudiness,Wind Speed,Current Description
0,Jamestown,US,42.097,-79.2353,79.52,53,20,12.66,few clouds
1,Matagami,CA,49.7502,-77.6328,62.71,67,100,6.91,overcast clouds
2,Iqaluit,CA,63.7506,-68.5145,43.7,81,90,10.0,overcast clouds
3,Te Anau,NZ,-45.4167,167.7167,40.03,96,100,0.76,overcast clouds
4,Kapaa,US,22.0752,-159.319,80.92,79,100,17.27,overcast clouds
5,Ballarat,AU,-37.5662,143.8496,41.61,81,96,3.33,overcast clouds
6,San Cristobal,VE,7.7669,-72.225,82.58,44,96,7.29,overcast clouds
7,Punta Arenas,CL,-53.15,-70.9167,39.31,81,75,19.57,light rain
8,Katsuura,JP,35.1333,140.3,74.19,93,100,6.91,overcast clouds
9,Rio Grande,BR,-32.035,-52.0986,59.11,68,0,11.54,clear sky
10,Arraial Do Cabo,BR,-22.9661,-42.0278,73.36,83,0,11.5,clear sky
11,Monroe,US,43.1501,-77.6831,78.53,72,75,12.66,broken clouds
12,Carnarvon,AU,-24.8667,113.6333,53.67,100,0,4.61,clear sky
13,Camacha,PT,33.0833,-16.3333,67.42,73,75,5.75,broken clouds
14,Abomey,BJ,7.1829,1.9912,74.79,85,100,8.1,overcast clouds
15,Road Town,VG,18.4167,-64.6167,87.89,66,40,12.66,scattered clouds
16,Hilo,US,19.7297,-155.09,80.33,89,100,10.36,overcast clouds
17,Bredasdorp,ZA,-34.5322,20.0403,58.78,68,100,19.08,overcast clouds
18,Luwuk,ID,-0.9516,122.7875,75.99,92,98,4.09,overcast clouds
19,Kaeo,NZ,-35.1,173.7833,54.32,96,100,2.68,moderate rain
20,Faanui,PF,-16.4833,-151.75,76.78,79,30,18.43,moderate rain
21,Mackay,AU,-21.15,149.2,44.69,63,0,12.8,clear sky
22,Saskylakh,RU,71.9167,114.0833,44.01,68,100,10.02,overcast clouds
23,Pangnirtung,CA,66.1451,-65.7125,49.15,76,98,3.44,overcast clouds
24,Talaya,RU,61.3833,152.75,70.54,72,17,7.16,few clouds
25,Yellowknife,CA,62.456,-114.3525,64.54,52,100,12.62,overcast clouds
26,Caravelas,BR,-17.7125,-39.2481,76.3,68,5,5.59,clear sky
27,Ancud,CL,-41.8697,-73.8203,41.23,78,89,10.27,light rain
28,Urucui,BR,-7.2294,-44.5561,96.76,23,82,8.93,broken clouds
29,Tuktoyaktuk,CA,69.4541,-133.0374,41.0,93,100,13.8,light rain
30,Chuy,UY,-33.6971,-53.4616,52.11,66,6,7.85,clear sky
31,Tiksi,RU,71.6872,128.8694,35.35,97,100,5.77,overcast clouds
32,Butaritari,KI,3.0707,172.7902,82.62,75,100,18.1,overcast clouds
33,Hamilton,US,39.1834,-84.5333,89.6,42,40,9.22,scattered clouds
34,Albany,US,42.6001,-73.9662,85.44,43,52,4.65,broken clouds
35,Mar Del Plata,AR,-38.0023,-57.5575,59.95,55,0,16.11,clear sky
36,Port Alfred,ZA,-33.5906,26.891,57.65,82,0,10.83,clear sky
37,Rikitea,PF,-23.1203,-134.9692,73.11,76,70,4.43,light rain
38,Monte Patria,CL,-30.6919,-70.9467,57.11,65,83,6.31,broken clouds
39,Mataura,NZ,-46.1927,168.8643,43.48,98,100,3.78,overcast clouds
40,Sitka,US,57.0531,-135.33,55.29,88,100,12.66,overcast clouds
41,Sobradinho,BR,-12.8333,-39.1,76.73,57,6,7.29,clear sky
42,Vao,NC,-22.6667,167.4833,71.87,79,94,26.64,overcast clouds
43,Obong,PH,9.741,123.5098,78.84,82,59,2.21,broken clouds
44,Longyearbyen,SJ,78.2186,15.6401,51.64,87,75,0.0,broken clouds
45,San Jose,US,37.3394,-121.895,84.54,47,20,6.91,few clouds
46,Nam Dinh,VN,20.4167,106.1667,80.37,89,98,8.46,overcast clouds
47,Port Lincoln,AU,-34.7333,135.8667,50.7,80,5,4.47,clear sky
48,Contamana,PE,-7.3333,-75.0167,91.53,44,95,2.62,overcast clouds
49,Busselton,AU,-33.65,115.3333,58.05,74,0,11.45,clear sky
50,Nome,US,64.5011,-165.4064,60.17,64,75,0.0,broken clouds
51,Qaanaaq,GL,77.484,-69.3632,39.49,94,100,5.79,light rain
52,Hobart,AU,-42.8794,147.3294,37.26,94,20,4.61,few clouds
53,Okha,RU,53.5739,142.9478,52.36,97,87,11.07,overcast clouds
54,Norman Wells,CA,65.282,-126.8329,53.64,94,100,13.8,overcast clouds
55,Taoudenni,ML,22.6783,-3.9836,110.17,9,53,5.93,broken clouds
56,Avarua,CK,-21.2078,-159.775,75.25,60,75,9.22,broken clouds
57,Lagoa,PT,39.05,-27.9833,68.85,93,20,15.77,few clouds
58,Saldanha,ZA,-33.0117,17.9442,57.31,85,100,11.7,overcast clouds
59,Lavrentiya,RU,65.5833,-171.0,51.4,71,58,8.84,broken clouds
60,Bogotol,RU,56.2078,89.5342,48.24,70,97,5.21,overcast clouds
61,Hermanus,ZA,-34.4187,19.2345,61.81,81,100,20.29,overcast clouds
62,Narsaq,GL,60.9167,-46.05,61.02,65,100,6.93,overcast clouds
63,Ushuaia,AR,-54.8,-68.3,37.02,69,75,6.91,broken clouds
64,Manacapuru,BR,-3.2997,-60.6206,83.79,67,94,2.44,overcast clouds
65,Catamarca,AR,-28.4696,-65.7852,75.58,26,0,1.99,clear sky
66,Krasnoselkup,RU,65.7,82.4667,54.61,53,100,6.24,overcast clouds
67,Kloulklubed,PW,7.0419,134.2556,75.7,76,100,7.85,overcast clouds
68,Simplicio Mendes,BR,-7.8539,-41.9103,87.48,41,80,9.66,broken clouds
69,Rocha,UY,-34.4833,-54.3333,53.29,63,7,7.94,clear sky
70,Clyde River,CA,70.4692,-68.5914,43.03,81,20,16.11,few clouds
71,Barrow,US,71.2906,-156.7887,37.9,80,92,6.93,overcast clouds
72,Tulun,RU,54.5611,100.5792,52.95,95,100,5.86,overcast clouds
73,Saurimo,AO,-9.6608,20.3916,65.25,34,0,4.9,clear sky
74,Tasiilaq,GL,65.6145,-37.6368,48.36,80,22,4.41,few clouds
75,Wattegama,LK,6.7989,81.4808,77.2,67,46,10.04,scattered clouds
76,Nueve De Julio,AR,-35.4444,-60.8831,62.35,32,100,14.38,overcast clouds
77,Quelimane,MZ,-17.8786,36.8883,69.75,83,40,3.44,scattered clouds
78,Georgetown,MY,5.4112,100.3354,80.89,92,20,1.01,moderate rain
79,Conceicao Do Araguaia,BR,-8.2578,-49.2647,96.55,21,8,6.04,clear sky
80,Atuona,PF,-9.8,-139.0333,78.3,71,69,19.91,broken clouds
81,Rio Gallegos,AR,-51.6226,-69.2181,33.85,86,100,3.44,fog
82,Dunedin,NZ,-45.8742,170.5036,48.79,88,100,11.01,overcast clouds
83,Bethel,US,41.3712,-73.414,90.05,48,0,8.05,clear sky
84,Codrington,AU,-38.2667,141.9667,47.53,75,93,5.28,overcast clouds
85,Esperance,AU,-33.8667,121.9,56.73,51,30,21.99,scattered clouds
86,Springdale,US,36.1867,-94.1288,93.06,39,0,5.75,clear sky
87,Makushino,RU,55.2103,67.2442,64.9,69,5,3.29,clear sky
88,Evensk,RU,61.95,159.2333,52.81,87,78,3.65,broken clouds
89,Mazinde,TZ,-4.8,38.2167,67.96,80,75,4.72,broken clouds
90,Alofi,NU,-19.0595,-169.9187,76.89,78,100,10.36,overcast clouds
91,El Cope,PA,8.6167,-80.6,77.81,74,96,3.8,overcast clouds
92,Sao Filipe,CV,14.8961,-24.4956,75.34,80,99,11.88,overcast clouds
93,Yarada,IN,17.65,83.2667,80.92,78,75,11.5,light intensity drizzle
94,Vaini,TO,-21.2,-175.2,77.16,88,40,14.97,scattered clouds
95,Cayenne,GF,4.9333,-52.3333,86.04,70,20,5.75,few clouds
96,Hambantota,LK,6.1241,81.1185,80.94,89,20,10.36,few clouds
97,Cape Town,ZA,-33.9258,18.4232,56.88,93,100,13.8,drizzle
98,Grindavik,IS,63.8424,-22.4338,50.47,81,75,16.11,broken clouds
99,Shakawe,BW,-18.3667,21.85,60.24,36,0,4.52,clear sky
100,Auki,SB,-8.7676,160.7034,74.19,85,9,3.42,clear sky
101,Komsomolskiy,UZ,40.4272,71.7189,74.12,49,0,4.61,clear sky
102,Kahului,US,20.8947,-156.47,78.82,89,40,17.27,haze
103,Hithadhoo,MV,-0.6,73.0833,83.46,74,100,15.57,overcast clouds
104,New Norfolk,AU,-42.7826,147.0587,36.91,87,28,2.64,scattered clouds
105,Tsogni,GA,-2.7942,10.0988,69.57,91,93,6.73,overcast clouds
106,Ferrol,ES,43.4832,-8.2369,86.52,84,100,2.1,overcast clouds
107,Puerto Ayora,EC,-0.7393,-90.3518,76.96,81,41,5.99,scattered clouds
108,Maldonado,UY,-34.6667,-54.9167,58.23,61,7,8.16,clear sky
109,Kodiak,US,57.79,-152.4072,56.71,77,100,8.05,overcast clouds
110,Moranbah,AU,-22.0016,148.0466,45.48,64,0,9.35,clear sky
111,Boa Vista,BR,2.8197,-60.6733,85.98,66,75,8.05,broken clouds
112,Balkhash,KZ,46.844,74.9804,74.82,38,2,17.49,clear sky
113,Kavaratti,IN,10.5669,72.642,81.41,82,100,20.8,overcast clouds
114,Constitucion,CL,-35.3333,-72.4167,52.61,94,100,11.05,overcast clouds
115,Touros,BR,-5.1989,-35.4608,80.65,75,23,13.67,few clouds
116,Zhanaozen,KZ,43.3,52.8,91.24,18,0,9.1,clear sky
117,Grand Baie,MU,-20.0182,57.5802,68.47,77,65,5.99,light rain
118,Bilibino,RU,68.0546,166.4372,54.21,57,97,4.14,overcast clouds
119,Noumea,NC,-22.2763,166.4572,72.0,99,98,18.12,overcast clouds
120,Thompson,CA,55.7435,-97.8558,83.39,25,0,8.23,clear sky
121,Karratha,AU,-20.7377,116.8463,64.9,60,52,8.79,broken clouds
122,Vanavara,RU,60.34,102.2797,48.88,79,100,4.54,overcast clouds
123,Khatanga,RU,71.9667,102.5,43.5,81,100,10.07,overcast clouds
124,Moussoro,TD,13.6408,16.4901,90.64,38,70,8.63,broken clouds
125,Rognan,NO,67.0953,15.3878,56.75,71,100,6.87,light rain
126,Meulaboh,ID,4.1363,96.1285,77.67,90,100,6.51,overcast clouds
127,Ceyranbatan,AZ,40.5408,49.6597,74.91,30,0,2.98,clear sky
128,Aksu,CN,41.1231,80.2644,74.48,37,52,2.44,broken clouds
129,Sterling,US,39.0062,-77.4286,92.98,51,75,6.91,broken clouds
130,Bluff,NZ,-46.6,168.3333,43.81,80,100,13.09,overcast clouds
131,Surenavan,AM,39.75,44.8,80.56,38,0,7.34,clear sky
132,Castro,BR,-24.7911,-50.0119,57.2,88,100,8.99,overcast clouds
133,Bandarbeyla,SO,9.4942,50.8122,77.4,78,99,26.87,overcast clouds
134,Hasaki,JP,35.7333,140.8333,73.8,93,100,11.32,overcast clouds
135,Saint-Augustin,CA,51.226,-58.6502,63.73,82,99,20.71,overcast clouds
136,Aykhal,RU,66.0,111.5,44.04,89,12,7.45,few clouds
137,Kushmurun,KZ,52.4503,64.6311,70.29,72,2,5.88,clear sky
138,Nyamuswa,TZ,-1.9,34.0167,69.82,52,93,2.91,overcast clouds
139,Mandalgovi,MN,45.7625,106.2708,66.18,41,100,7.02,overcast clouds
140,Guerrero Negro,MX,27.9769,-114.0611,74.3,60,7,15.1,clear sky
141,Virginia Beach,US,36.8529,-75.978,89.02,71,100,7.0,thunderstorm
142,Lata,PT,40.1629,-8.3327,91.49,43,100,4.68,overcast clouds
143,Sinnamary,GF,5.3833,-52.95,75.9,92,100,4.0,overcast clouds
144,Henties Bay,NA,-22.116,14.2845,56.25,88,0,10.33,clear sky
145,Mount Gambier,AU,-37.8333,140.7667,44.51,100,75,3.44,mist
146,Yulara,AU,-25.2406,130.9889,42.26,62,0,9.64,clear sky
147,Buluang,PH,13.3068,123.3425,78.3,90,99,2.08,overcast clouds
148,Dikson,RU,73.5069,80.5464,41.97,75,100,11.68,overcast clouds
149,Lyuban,BY,52.7985,28.0048,54.28,96,56,10.74,broken clouds
150,Victoria,HK,22.2855,114.1577,86.32,83,75,3.0,broken clouds
151,Ponta Do Sol,PT,32.6667,-17.1,73.71,73,17,5.17,few clouds
152,Atamanovka,RU,51.93,113.63,52.23,79,0,2.8,clear sky
153,Saint George,US,37.1041,-113.5841,102.79,20,0,5.75,clear sky
154,Nadym,RU,65.5333,72.5167,58.6,50,100,13.09,overcast clouds
155,Benguela,AO,-12.5763,13.4055,68.79,87,53,4.36,broken clouds
156,Sangar,RU,63.9242,127.4739,60.13,95,100,5.14,overcast clouds
157,Huittinen,FI,61.1833,22.7,60.8,93,100,6.76,overcast clouds
158,Oliver,CA,49.1831,-119.5524,80.85,22,89,3.67,overcast clouds
159,Leh,IN,34.1667,77.5833,61.32,56,11,7.02,few clouds
160,Copiapo,CL,-27.3667,-70.3333,55.09,55,2,6.53,clear sky
161,Tiarei,PF,-17.5333,-149.3333,78.82,71,64,15.41,broken clouds
162,Birin,NP,26.8865,88.0718,66.04,88,100,6.11,overcast clouds
163,East London,ZA,-33.0153,27.9116,61.83,69,0,7.61,clear sky
164,Merauke,ID,-8.4667,140.3333,75.38,79,92,12.68,overcast clouds
165,Upernavik,GL,72.7868,-56.1549,42.04,85,15,10.49,few clouds
166,Concordia,AR,-31.393,-58.0209,62.78,52,0,11.99,clear sky
167,Kruisfontein,ZA,-34.0033,24.7314,46.89,84,0,7.43,clear sky
168,Ghanzi,BW,-21.5667,21.7833,59.5,33,2,7.61,clear sky
169,Nikolskoye,RU,59.7035,30.7861,67.89,69,1,4.68,clear sky
170,Nemuro,JP,43.3236,145.575,59.68,96,85,8.19,overcast clouds
171,Altay,CN,47.8667,88.1167,58.01,60,2,3.0,clear sky
172,Ruidoso,US,33.3317,-105.673,82.87,36,75,3.44,broken clouds
173,Chingola,ZM,-12.529,27.8838,61.54,50,60,8.37,broken clouds
174,Anloga,GH,5.7947,0.8973,76.21,86,100,12.71,overcast clouds
175,Navolato,MX,24.7672,-107.6944,96.13,61,91,7.83,overcast clouds
176,Zalantun,CN,48.0,122.7167,61.79,96,100,3.53,overcast clouds
177,San Patricio,US,28.017,-97.5169,99.32,36,30,15.26,scattered clouds
178,Coahuayana,MX,18.7333,-103.6833,89.2,61,70,7.23,broken clouds
179,Geraldton,AU,-28.7667,114.6,57.61,94,2,10.36,clear sky
180,Nalut,LY,30.3333,10.85,88.43,19,0,11.16,clear sky
181,Nara,JP,34.6851,135.8049,77.5,65,100,1.81,light rain
182,Oranjestad,AW,12.524,-70.027,85.95,70,75,18.41,broken clouds
183,Khorixas,NA,-20.3667,14.9667,65.97,28,0,1.28,clear sky
184,Regina,CA,50.4501,-104.6178,83.03,45,20,23.02,few clouds
185,Avera,US,33.194,-82.5271,82.38,90,100,10.87,overcast clouds
186,Penzance,GB,50.1186,-5.5371,63.28,68,100,18.3,overcast clouds
187,Kungurtug,RU,50.5994,97.5228,49.98,96,100,3.18,moderate rain
188,Koslan,RU,63.4564,48.8989,69.22,73,78,3.56,broken clouds
189,Miraflores,MX,19.2167,-98.8083,75.02,57,99,2.39,overcast clouds
190,Dabou,CI,5.3256,-4.3769,75.2,89,97,9.13,light rain
191,Bonavista,CA,48.6499,-53.1147,64.4,75,94,22.19,overcast clouds
192,Wunsiedel,DE,50.0333,12.0167,71.46,59,53,4.16,broken clouds
193,Lorengau,PG,-2.0226,147.2712,80.33,83,100,6.26,overcast clouds
194,Luebo,CD,-5.35,21.4167,78.03,32,40,2.55,scattered clouds
195,Zemio,CF,5.0314,25.1361,70.2,91,100,1.83,light rain
196,Saint-Philippe,RE,-21.3585,55.7679,65.79,75,52,13.11,broken clouds
197,Moissala,TD,8.3404,17.7663,70.02,93,100,1.03,overcast clouds
198,Seymchan,RU,62.8833,152.4333,69.69,71,0,9.8,clear sky
199,Najran,SA,17.4924,44.1277,77.65,41,100,2.75,overcast clouds
200,Westport,US,41.1415,-73.3579,91.99,46,0,12.66,clear sky
201,Marsa Matruh,EG,31.3525,27.2453,77.45,68,0,13.67,clear sky
202,Cerro Punta,PA,8.85,-82.5667,58.82,92,100,1.19,overcast clouds
203,Cabo San Lucas,MX,22.8909,-109.9124,91.71,48,0,6.91,clear sky
204,Ambilobe,MG,-13.2,49.05,71.44,71,22,4.9,few clouds
205,Saint Anthony,US,45.0205,-93.218,80.26,60,20,8.05,few clouds
206,Mahebourg,MU,-20.4081,57.7,68.29,83,75,11.5,broken clouds
207,Provideniya,RU,64.3833,-173.3,51.22,83,100,7.94,light rain
208,Nantucket,US,41.2835,-70.0995,84.34,78,0,6.91,clear sky
209,Ballybofey,IE,54.8,-7.7833,58.75,81,95,8.14,overcast clouds
210,Launceston,AU,-41.45,147.1667,34.16,97,32,5.75,scattered clouds
211,Korla,CN,41.7597,86.1469,77.94,26,100,13.44,overcast clouds
212,Ilulissat,GL,69.2167,-51.1,46.42,81,75,5.75,broken clouds
213,Pangody,RU,65.85,74.4859,55.44,64,100,6.58,overcast clouds
214,Narrabri,AU,-30.3167,149.7833,38.88,87,0,4.97,clear sky
215,Kawalu,ID,-7.3817,108.2082,70.99,97,82,1.23,moderate rain
216,Klaksvik,FO,62.2266,-6.589,49.12,77,46,12.88,scattered clouds
217,Abu Kamal,SY,34.4506,40.9171,93.18,16,2,11.74,clear sky
218,Port Elizabeth,ZA,-33.918,25.5701,55.69,76,0,11.5,clear sky
219,Tateyama,JP,34.9833,139.8667,74.1,90,100,8.48,overcast clouds
220,Olafsvik,IS,64.8945,-23.7142,49.3,80,100,10.71,overcast clouds
221,Alamos,MX,27.0167,-108.9333,90.95,55,70,5.12,broken clouds
222,Jacareacanga,BR,-6.2222,-57.7528,96.98,25,69,4.23,broken clouds
223,Kavieng,PG,-2.5744,150.7967,80.28,78,100,5.26,light rain
224,Gazli,UZ,40.1333,63.45,88.97,19,0,10.38,clear sky
225,Roma,US,43.2128,-75.4557,83.95,43,75,3.44,broken clouds
226,Bambous Virieux,MU,-20.3428,57.7575,68.25,83,75,11.5,light rain
227,Vila Velha,BR,-20.3297,-40.2925,76.95,78,20,18.01,few clouds
228,Porto Santo,PT,33.072,-16.3415,71.98,64,75,6.91,broken clouds
229,Kidal,ML,18.4411,1.4078,93.58,27,70,9.4,broken clouds
230,Chodavaram,IN,17.8333,82.95,80.44,84,99,7.56,overcast clouds
231,Semey,KZ,50.4111,80.2275,62.92,47,42,10.0,scattered clouds
232,Arona,ES,28.0996,-16.681,72.91,75,20,6.91,few clouds
233,Mombasa,KE,-4.0547,39.6636,75.2,83,96,18.57,light rain
234,Fortuna,US,40.5982,-124.1573,64.92,78,100,1.99,overcast clouds
235,Namibe,AO,-15.1961,12.1522,63.61,89,24,0.45,few clouds
236,Oussouye,SN,12.485,-16.5469,80.69,84,100,8.28,overcast clouds
237,Kitaibaraki,JP,36.7833,140.75,71.15,97,100,6.29,overcast clouds
238,Flinders,AU,-34.5833,150.8552,53.19,67,71,13.0,broken clouds
239,Sorong,ID,-0.8833,131.25,77.65,90,100,10.07,overcast clouds
240,Naze,JP,28.3667,129.4833,77.92,88,100,9.66,overcast clouds
241,Tuatapere,NZ,-46.1333,167.6833,43.88,89,100,5.88,overcast clouds
242,Beringovskiy,RU,63.05,179.3167,50.67,89,100,7.11,overcast clouds
243,Nhulunbuy,AU,-12.2333,136.7667,70.41,56,69,14.97,broken clouds
244,Baruun-Urt,MN,46.6806,113.2792,59.43,66,0,4.59,clear sky
245,Necochea,AR,-38.5473,-58.7368,56.52,46,72,10.33,broken clouds
246,Fairview,US,40.8126,-73.999,92.73,37,0,9.22,clear sky
247,Coos Bay,US,43.3665,-124.2179,72.32,78,0,19.57,clear sky
248,Puerto Ayacucho,VE,5.6639,-67.6236,83.66,77,77,3.51,broken clouds
249,Kabale,UG,-1.2486,29.9899,57.67,78,72,3.09,broken clouds
250,Mansa,IN,29.9833,75.3833,92.41,54,61,3.18,broken clouds
251,Wanganui,NZ,-39.9333,175.05,51.6,92,45,1.99,scattered clouds
252,Pevek,RU,69.7008,170.3133,35.6,92,100,2.35,overcast clouds
253,Luganville,VU,-15.5333,167.1667,74.34,85,17,5.48,few clouds
254,Kyra,RU,49.5776,111.9753,54.39,72,1,4.36,clear sky
255,Inhambane,MZ,-23.865,35.3833,60.78,94,0,0.0,clear sky
256,Kurilsk,RU,45.2333,147.8833,54.05,94,58,6.53,broken clouds
257,Arlit,NE,18.7369,7.3853,100.38,13,96,14.2,overcast clouds
258,Severo-Kurilsk,RU,50.6789,156.125,53.2,97,99,2.04,overcast clouds
259,Atar,MR,20.5169,-13.0499,105.55,17,61,12.08,broken clouds
260,Qaqortoq,GL,60.7167,-46.0333,45.57,78,100,7.63,overcast clouds
261,Mecca,SA,21.4267,39.8261,91.06,34,100,3.44,light rain
262,Aasiaat,GL,68.7098,-52.8699,38.5,95,100,3.96,overcast clouds
263,Tessalit,ML,20.1986,1.0114,102.83,12,23,7.16,few clouds
264,Bendigo,AU,-36.7667,144.2833,40.64,55,8,4.61,clear sky
265,Melo,UY,-32.3667,-54.1833,55.33,65,0,7.52,clear sky
266,Kulhudhuffushi,MV,6.6221,73.07,81.81,77,100,16.51,overcast clouds
267,Biak,ID,-0.9131,122.8766,74.66,90,97,5.48,overcast clouds
268,Yaan,NG,7.3833,8.5667,74.37,91,72,5.12,broken clouds
269,Lebu,CL,-37.6167,-73.65,46.13,81,100,2.75,overcast clouds
270,Sisimiut,GL,66.9395,-53.6735,45.48,84,65,6.31,broken clouds
271,Chernyshevskiy,RU,63.0128,112.4714,45.36,80,100,4.38,overcast clouds
272,Ereymentau,KZ,51.6199,73.1033,65.1,41,41,2.04,scattered clouds
273,Kangasala,FI,61.4638,24.076,65.32,100,100,11.21,light rain
274,Hami,CN,42.8,93.45,79.9,26,75,16.51,broken clouds
275,Aras,ES,42.5617,-2.356,88.21,17,0,2.3,clear sky
276,Mamburao,PH,13.25,120.6667,77.47,84,100,3.58,overcast clouds
277,Tabou,CI,4.423,-7.3528,76.17,80,100,11.01,overcast clouds
278,Kaitangata,NZ,-46.2817,169.8464,43.63,92,100,9.8,overcast clouds
279,Kuragino,RU,53.8975,92.6725,52.43,84,99,4.52,overcast clouds
280,Palu,ID,-0.8917,119.8707,75.6,96,100,2.28,overcast clouds
281,Poltavka,RU,54.3663,71.7632,63.3,75,16,4.92,few clouds
282,Bathsheba,BB,13.2167,-59.5167,88.41,76,40,20.71,scattered clouds
283,Beira,MZ,-19.8436,34.8389,69.89,78,75,3.44,broken clouds
284,Watsa,CD,3.0372,29.5355,67.78,87,100,1.63,light rain
285,Sturgeon Bay,US,44.8342,-87.377,73.36,46,0,12.66,clear sky
286,Maralal,KE,1.0968,36.698,61.18,39,79,6.8,broken clouds
287,Morehead,US,37.2711,-87.1764,85.86,52,40,4.61,scattered clouds
288,Port Arthur,CN,38.8,121.2667,73.62,96,94,7.23,overcast clouds
289,Kulevcha,UA,46.0303,29.9361,66.58,49,100,10.65,overcast clouds
290,Tynda,RU,55.1667,124.7167,58.08,98,100,1.99,light rain
291,Xinyu,CN,27.8043,114.9334,80.94,76,100,3.09,overcast clouds
292,Bengkulu,ID,-3.8004,102.2655,76.46,90,100,2.98,overcast clouds
293,Awash,ET,8.9833,40.1667,82.36,45,100,6.64,overcast clouds
294,Skegness,GB,53.1436,0.3363,67.01,67,100,9.71,overcast clouds
295,Zimmi,SL,7.3153,-11.3061,73.89,96,36,4.05,light rain
296,Wakkanai,JP,45.4094,141.6739,59.45,94,100,18.9,moderate rain
297,Neiafu,TO,-18.65,-173.9833,79.48,94,40,11.5,scattered clouds
298,Saint-Louis,SN,16.3333,-15.0,94.64,31,5,14.18,clear sky
299,Hay River,CA,60.8156,-115.7999,71.56,37,75,8.05,broken clouds
300,Chokurdakh,RU,70.6333,147.9167,38.84,85,100,13.02,overcast clouds
301,Kargil,IN,34.5667,76.1,56.64,58,98,5.41,overcast clouds
302,Orotukan,RU,62.2667,151.7,69.55,75,0,4.72,clear sky
303,Mersin,TR,36.862,34.6509,80.67,70,0,2.08,clear sky
304,Lively,CA,46.4334,-81.1498,72.52,35,100,5.68,overcast clouds
305,Palasbari,IN,26.1361,91.5486,80.65,89,75,3.44,mist
306,Sweetwater,US,25.7634,-80.3731,95.0,66,40,13.8,scattered clouds
307,Griffith,US,41.5284,-87.4237,83.08,70,75,11.5,broken clouds
308,Santa Maria,BR,-29.6842,-53.8069,58.3,67,0,10.36,clear sky
309,Kautokeino,NO,69.0125,23.0412,62.62,75,100,8.57,overcast clouds
310,Mashhad,IR,36.297,59.6062,78.94,36,0,9.22,clear sky
311,Bereda,ES,43.2686,-7.5406,84.15,71,96,1.81,overcast clouds
312,Novoagansk,RU,61.9449,76.6625,56.44,57,100,1.72,overcast clouds
313,Isangel,VU,-19.55,169.2667,77.32,88,4,13.76,clear sky
314,Walvis Bay,NA,-22.9575,14.5053,58.15,77,0,2.3,clear sky
315,Pangoa,PE,-12.1167,-73.0,79.88,65,8,2.39,clear sky
316,Dingle,PH,10.9995,122.6711,75.7,92,24,1.61,few clouds
317,Syracuse,IT,37.0881,15.2792,80.19,66,45,6.49,scattered clouds
318,Cherskiy,RU,68.75,161.3,47.1,54,58,12.73,broken clouds
319,Omboue,GA,-1.5746,9.2618,72.03,83,1,8.34,clear sky
320,Sarangani,PH,5.4033,125.4636,79.0,85,100,5.32,overcast clouds
321,Verkhnevilyuysk,RU,63.4453,120.3167,60.28,97,97,3.65,light rain
322,Axim,GH,4.8699,-2.2405,75.72,84,99,8.16,overcast clouds
323,Laon,FR,49.5667,3.6667,83.03,32,0,11.63,clear sky
324,Metro,ID,-5.1131,105.3067,75.76,92,100,4.34,overcast clouds
325,Kikwit,CD,-5.041,18.8162,80.1,26,62,2.84,broken clouds
326,Sept-Iles,CA,50.2001,-66.3821,70.32,54,75,10.36,broken clouds
327,Marawi,PH,7.9986,124.2928,67.96,93,39,1.68,scattered clouds
328,Grand Gaube,MU,-20.0064,57.6608,68.4,77,74,7.0,light rain
329,Broken Hill,AU,-31.95,141.4333,39.67,86,0,7.61,clear sky
330,Ahipara,NZ,-35.1667,173.1667,54.95,92,100,3.76,light rain
331,Airai,TL,-8.9266,125.4092,52.54,88,64,2.64,broken clouds
332,Mount Isa,AU,-20.7333,139.5,51.57,46,0,11.5,clear sky
333,Sibi,PK,29.5448,67.8764,98.49,41,21,12.68,few clouds
334,Jiazi,CN,22.8779,116.067,81.66,83,65,6.11,broken clouds
335,Monrovia,LR,6.3005,-10.7969,76.8,85,99,13.13,light rain
336,Porto Nacional,BR,-10.7081,-48.4172,93.2,23,29,5.23,scattered clouds
337,Ostrovnoy,RU,68.0531,39.5131,59.25,99,96,5.46,light rain
338,Kholtoson,RU,50.2981,103.3097,56.3,82,100,2.39,overcast clouds
339,Hovd,MN,48.0056,91.6419,55.24,70,4,2.89,clear sky
340,Trat,TH,12.5,102.5,77.92,96,100,5.66,overcast clouds
341,College,US,64.8569,-147.8028,58.59,83,75,8.05,smoke
342,Ca Mau,VN,9.1769,105.15,74.89,95,100,5.7,heavy intensity rain
343,Finschhafen,PG,-6.6024,147.8681,79.12,79,10,6.69,clear sky
344,Lompoc,US,34.6391,-120.4579,86.02,71,0,9.22,clear sky
345,Paamiut,GL,61.994,-49.6678,43.07,85,90,17.52,overcast clouds
346,Luanda,AO,-8.8368,13.2343,68.76,92,5,13.13,clear sky
347,Sao Joao Da Barra,BR,-21.6403,-41.0511,78.89,68,35,17.36,scattered clouds
348,Linqiong,CN,30.4159,103.4609,78.62,94,100,1.92,overcast clouds
349,Sovetskiy,RU,61.3614,63.5842,70.5,67,82,4.56,broken clouds
350,Salalah,OM,17.0151,54.0924,78.89,94,40,5.75,scattered clouds
351,Lerwick,GB,60.1545,-1.1494,53.6,84,100,20.8,overcast clouds
352,Yar-Sale,RU,66.8333,70.8333,50.32,85,100,9.89,overcast clouds
353,Umm Lajj,SA,25.0213,37.2685,86.4,66,100,7.09,overcast clouds
354,Praia Da Vitoria,PT,38.7333,-27.0667,74.75,94,75,16.11,broken clouds
355,Kurumkan,RU,54.3,110.3,60.94,67,6,3.56,clear sky
356,Fez,MA,34.0372,-4.9998,100.65,23,20,11.5,few clouds
357,La Ronge,CA,55.1001,-105.2842,86.22,34,20,16.11,few clouds
358,Torbay,CA,47.6666,-52.7314,75.97,63,40,19.57,scattered clouds
359,Juneau,US,58.3019,-134.4197,55.4,96,100,8.05,overcast clouds
360,Turka,UA,49.1541,23.0297,62.8,89,93,3.85,light rain
361,Naraini,IN,25.1833,80.4833,94.87,42,15,9.69,few clouds
362,Vanimo,PG,-2.6741,141.3028,76.71,89,39,1.14,scattered clouds
363,Perth,AU,-31.9333,115.8333,58.19,94,0,9.22,clear sky
364,Chibombo,ZM,-14.6569,28.0706,62.22,54,84,8.21,broken clouds
365,Trapani,IT,37.8333,12.6667,78.89,74,0,4.61,clear sky
366,Marrakesh,MA,31.6315,-8.0083,100.47,20,40,8.05,scattered clouds
367,Santa Lucia,ES,27.9117,-15.5407,67.77,60,0,23.02,clear sky
368,Eregli,TR,37.5133,34.0467,73.9,33,0,11.92,clear sky
369,Quatre Cocos,MU,-20.2078,57.7625,68.11,77,37,18.57,light rain
370,Ajdabiya,LY,30.7554,20.2263,78.17,67,0,17.22,clear sky
371,Yanam,IN,16.7333,82.2167,75.47,82,100,13.51,overcast clouds
372,Krasnoarmeysk,RU,51.0239,45.6969,65.7,90,100,8.41,light rain
373,Boyolangu,ID,-8.1181,111.8935,74.61,94,100,3.85,light rain
374,Chaohu,CN,31.6,117.8667,83.26,76,100,6.17,light rain
375,Desbiens,CA,48.4178,-71.9495,70.45,64,100,8.52,overcast clouds
376,Varzelandia,BR,-15.7014,-44.0275,83.89,26,6,5.77,clear sky
377,Sovetskaya Gavan,RU,48.9723,140.2878,59.94,99,100,3.15,overcast clouds
378,Tabas,IR,33.5959,56.9244,89.82,17,0,4.61,clear sky
379,Prince Rupert,CA,54.3161,-130.3201,55.09,92,100,23.02,overcast clouds
380,Ribeira Grande,PT,38.5167,-28.7,77.4,69,40,10.36,scattered clouds
381,Kapoeta,SS,4.7717,33.5903,78.91,57,96,3.31,overcast clouds
382,Alto Longa,BR,-5.2511,-42.2103,97.41,24,99,7.38,overcast clouds
383,Mirnyy,RU,62.5353,113.9611,50.23,76,100,8.99,overcast clouds
384,Bhadrachalam,IN,17.6667,80.8833,72.91,95,100,13.29,overcast clouds
385,Pidhorodna,UA,48.107,30.8895,59.07,81,79,12.68,broken clouds
386,Nizhnevartovsk,RU,60.9344,76.5531,48.22,100,0,0.0,clear sky
387,Myski,RU,53.709,87.8014,47.91,88,97,2.57,overcast clouds
388,Eureka,US,40.8021,-124.1637,65.19,72,47,8.01,scattered clouds
389,Caucaia,BR,-3.7361,-38.6531,82.35,77,20,14.97,few clouds
390,Peleduy,RU,59.6289,112.7406,53.69,81,97,3.83,overcast clouds
391,Faya,SA,18.3851,42.4509,64.51,43,96,4.21,overcast clouds
392,Vardo,NO,70.3705,31.1107,51.78,100,100,4.61,fog
393,Buffalo,US,42.8865,-78.8784,78.71,58,75,9.22,thunderstorm
394,Zhenlai,CN,45.8495,123.2973,67.14,98,100,8.46,moderate rain
395,Cidreira,BR,-30.1811,-50.2056,56.98,70,0,15.99,clear sky
396,Macau,MO,22.2006,113.5461,84.85,89,40,6.91,scattered clouds
397,Manaure,CO,11.7751,-72.4445,90.18,49,37,19.57,scattered clouds
398,Quiindy,PY,-25.9667,-57.2667,67.14,46,82,6.17,broken clouds
399,Vila Franca Do Campo,PT,37.7167,-25.4333,72.19,89,79,10.87,broken clouds
400,Wonthaggi,AU,-38.6044,145.5913,50.14,72,98,9.37,overcast clouds
401,Sierra Vista,US,31.5545,-110.3037,96.67,26,0,17.27,clear sky
402,Mana,GF,5.6592,-53.7767,77.95,88,96,10.87,overcast clouds
403,Itanagar,IN,27.1,93.6167,77.79,89,14,3.98,few clouds
404,Djibo,BF,14.1022,-1.6306,96.58,33,98,6.76,light rain
405,Benalla,AU,-36.55,145.9833,39.31,92,2,6.67,clear sky
406,Marienburg,PL,54.0359,19.0266,71.11,68,0,8.08,clear sky
407,Ventspils,LV,57.3894,21.5606,62.53,100,0,5.75,clear sky
408,Bireun,ID,5.203,96.7009,79.5,73,100,2.73,overcast clouds
409,Riyadh,SA,24.6877,46.7219,96.94,9,99,7.96,overcast clouds
410,Port Hardy,CA,50.6996,-127.4199,57.38,77,75,4.61,broken clouds
411,Coquimbo,CL,-29.9533,-71.3436,56.93,71,75,8.05,broken clouds
412,Saint-Francois,FR,46.4154,3.9054,80.04,50,0,3.44,clear sky
413,Luderitz,NA,-26.6481,15.1594,57.6,65,0,18.97,clear sky
414,Zhigalovo,RU,54.8097,105.1578,58.03,95,100,3.18,light rain
415,San Policarpo,PH,12.1791,125.5072,77.02,92,100,4.59,overcast clouds
416,Zhangye,CN,38.9342,100.4517,79.79,37,98,2.48,overcast clouds
417,Leningradskiy,RU,69.3833,178.4167,39.31,73,92,7.78,overcast clouds
418,Bongouanou,CI,6.6486,-4.1992,71.92,98,100,3.74,moderate rain
419,Goderich,CA,43.7501,-81.7165,67.91,77,100,2.3,overcast clouds
420,Portland,US,45.5234,-122.6762,76.57,55,20,5.99,few clouds
421,Kilembe,UG,0.2,30.0,64.98,70,100,4.09,overcast clouds
422,Rosamorada,MX,22.1222,-105.2058,92.26,55,88,5.73,overcast clouds
423,Xingyi,CN,24.1877,102.817,62.11,94,1,2.3,clear sky
424,Cerrito,CO,6.8432,-72.694,62.67,71,76,2.98,broken clouds
425,Locri,IT,38.2414,16.2623,75.33,67,0,3.24,clear sky
426,Mossendjo,CG,-2.9506,12.7261,70.38,69,100,3.0,overcast clouds
427,Sicamous,CA,50.8331,-118.9856,82.18,37,100,4.74,overcast clouds
428,Kindu,CD,-2.95,25.95,81.32,46,100,2.26,overcast clouds
429,Krasnopavlivka,UA,49.1372,36.3272,65.61,48,100,4.34,overcast clouds
430,Port Hedland,AU,-20.3167,118.5667,55.45,62,11,6.91,few clouds
431,Itoman,JP,26.1247,127.6694,82.42,89,40,6.91,scattered clouds
432,Sorland,NO,67.667,12.6934,53.46,87,100,9.57,overcast clouds
433,Scunthorpe,GB,53.579,-0.6544,70.09,55,98,8.99,overcast clouds
434,Kamyshlov,RU,56.8428,62.7111,66.6,88,21,6.33,few clouds
435,Bubaque,GW,11.2833,-15.8333,81.82,79,100,9.17,light rain
436,Baleshwar,IN,21.4942,86.9317,82.36,86,77,9.08,broken clouds
437,Beloha,MG,-25.1667,45.05,63.55,88,0,5.64,clear sky
438,Ballina,AU,-28.8667,153.5667,50.77,74,81,15.1,broken clouds
439,Stokmarknes,NO,68.5646,14.9108,57.18,62,0,3.44,clear sky
440,Camp Verde,US,34.5636,-111.8543,101.88,22,34,6.89,scattered clouds
441,Dalbandin,PK,28.8947,64.4101,94.33,12,0,5.59,clear sky
442,Conde,BR,-7.2597,-34.9075,80.06,69,20,18.41,few clouds
443,Bouna,CI,9.2667,-3.0,78.75,71,99,4.97,overcast clouds
444,Nanortalik,GL,60.1432,-45.2371,44.1,84,100,3.96,overcast clouds
445,Solnechnyy,RU,50.7214,136.6319,60.51,97,64,3.98,broken clouds
446,Sarahan,IN,31.5167,77.8,63.99,88,30,2.15,scattered clouds
447,Port Hawkesbury,CA,45.6169,-61.3485,84.88,69,100,10.36,overcast clouds
448,Mehamn,NO,71.0357,27.8492,58.95,88,0,2.3,clear sky
449,Verkh-Usugli,RU,52.7,115.1667,53.17,88,0,4.29,clear sky
450,Yenagoa,NG,4.9247,6.2642,74.64,93,96,5.1,light rain
451,Ilhabela,BR,-23.7781,-45.3581,66.45,91,100,5.97,overcast clouds
452,Wagar,SD,16.1525,36.2032,85.12,56,100,11.48,overcast clouds
453,Les Cayes,HT,18.2,-73.75,88.97,57,5,10.71,clear sky
454,Souillac,MU,-20.5167,57.5167,68.38,83,75,11.5,broken clouds
455,Seredeyskiy,RU,54.0507,35.2318,54.81,94,100,5.66,overcast clouds
456,Waddan,LY,29.1614,16.139,83.55,30,0,18.81,clear sky
457,Rundu,NA,-17.9333,19.7667,59.18,37,0,5.55,clear sky
458,Khani,GE,41.9563,42.9566,60.37,98,99,1.48,overcast clouds
459,Kupang,ID,-10.1667,123.5833,71.29,76,92,10.83,overcast clouds
460,Kundiawa,PG,-6.0167,144.9667,62.8,98,100,1.54,overcast clouds
461,Liku,ID,-0.7275,119.8922,74.95,93,100,2.1,moderate rain
462,Charters Towers,AU,-20.1,146.2667,46.85,59,3,12.53,clear sky
463,Belaya Gora,RU,68.5333,146.4167,49.98,80,41,12.5,scattered clouds
464,Lubao,PH,14.9167,120.55,82.11,89,94,2.53,overcast clouds
465,Moose Factory,CA,51.2585,-80.6094,66.2,42,0,13.8,haze
466,Makakilo City,US,21.3469,-158.0858,82.72,63,20,12.66,few clouds
467,Phangnga,TH,8.4509,98.5298,82.44,96,92,4.36,overcast clouds
468,Boende,CD,-0.2167,20.8667,77.23,62,97,2.19,overcast clouds
469,Shingu,JP,33.7333,135.9833,75.97,84,100,3.38,overcast clouds
470,Ambon,ID,-3.6954,128.1814,78.24,15,75,8.05,light rain
471,Lichinga,MZ,-13.3128,35.2406,59.09,67,0,6.91,clear sky
472,Baturaja,ID,-4.1333,104.1667,73.83,99,100,2.55,overcast clouds
473,Gmunden,AT,47.9189,13.7975,73.35,68,70,2.66,broken clouds
474,Aklavik,CA,68.2191,-135.0107,48.2,93,100,10.36,overcast clouds
475,Batagay-Alyta,RU,67.8006,130.4114,53.02,75,100,2.04,overcast clouds
476,Sur,OM,22.5667,59.5289,90.25,64,88,8.3,overcast clouds
477,Tshikapa,CD,-6.4167,20.8,78.6,28,4,3.56,clear sky
478,Zhirnovsk,RU,50.9845,44.7735,65.77,92,100,4.92,light rain
479,Enid,US,36.3956,-97.8784,100.02,25,40,11.01,scattered clouds
480,Novopavlovka,RU,51.2172,109.2091,56.23,79,100,1.88,overcast clouds
481,Bud,US,39.447,-86.1758,88.92,50,4,7.58,clear sky
482,Gopalpur,IN,19.2667,84.9167,78.13,87,100,5.08,overcast clouds
483,Maniitsoq,GL,65.4167,-52.9,43.57,90,53,7.47,broken clouds
484,Nisia Floresta,BR,-6.0911,-35.2086,82.78,85,65,13.13,broken clouds
485,Polyarnyy,RU,69.1989,33.4478,57.67,95,100,6.71,overcast clouds
486,Itaituba,BR,-4.2761,-55.9836,93.36,59,40,4.61,scattered clouds
487,Atbasar,KZ,51.8,68.3333,72.45,61,100,7.05,overcast clouds
488,Hangu,CN,39.2489,117.7892,80.64,86,0,7.11,clear sky
489,Alamogordo,US,32.8995,-105.9603,88.95,36,0,12.66,clear sky
490,Brigantine,US,39.4101,-74.3646,88.03,69,20,10.36,few clouds
491,Kantang,TH,7.4054,99.5156,77.29,92,100,5.73,overcast clouds
492,Jackson,US,42.4165,-122.8345,89.15,41,0,5.75,clear sky
493,Pacifica,US,37.6138,-122.4869,81.23,84,40,13.8,scattered clouds
494,Pacific Grove,US,36.6177,-121.9166,74.8,75,20,8.01,few clouds
495,Izumi,JP,34.4833,135.4333,78.55,78,100,2.3,heavy intensity rain
496,Igarka,RU,67.4667,86.5833,44.83,80,20,6.24,few clouds
497,Port Macquarie,AU,-31.4333,152.9167,49.35,88,31,17.98,scattered clouds
498,Linjiang,CN,41.8069,126.9078,64.54,99,100,1.72,overcast clouds
499,Buanoy,PH,10.4675,123.6999,78.73,84,28,1.86,scattered clouds
500,Kushikino,JP,31.7167,130.2667,79.11,94,100,3.89,overcast clouds
501,Oudtshoorn,ZA,-33.5907,22.2014,50.36,43,0,3.22,clear sky
502,Rolla,US,37.9514,-91.7713,90.72,31,0,4.0,clear sky
503,Synya,RU,65.3718,58.0387,71.62,61,63,5.03,broken clouds
504,Ulladulla,AU,-35.35,150.4667,50.9,65,56,17.83,broken clouds
505,Skjervoy,NO,70.0311,20.9714,60.8,91,100,3.11,overcast clouds
506,Kununurra,AU,-15.7667,128.7333,58.98,33,7,10.36,clear sky
507,Kabompo,ZM,-13.5927,24.2008,58.91,46,1,5.37,clear sky
508,Little Current,CA,45.9793,-81.9248,70.41,56,100,5.19,overcast clouds
509,Ordzhonikidze,KZ,52.4411,61.7408,69.51,62,10,6.91,clear sky
510,Caninde De Sao Francisco,BR,-9.66,-37.7894,74.89,85,58,10.98,broken clouds
511,Tambacounda,SN,13.7539,-13.7586,93.25,59,20,4.61,few clouds
512,Pak Phanang,TH,8.3511,100.202,77.92,86,100,5.5,overcast clouds
513,Sheridan,US,44.8333,-106.9173,100.02,24,0,4.61,clear sky
514,Bhuvanagiri,IN,11.4667,79.6333,82.27,65,98,11.9,overcast clouds
515,Verkhoyansk,RU,67.5447,133.385,53.51,74,100,3.38,overcast clouds
516,Nanticoke,US,41.2054,-76.0049,88.93,49,73,3.0,broken clouds
517,Krasnovishersk,RU,60.4078,57.082,67.17,88,24,2.19,light rain
518,Nandaime,NI,11.757,-86.0529,83.44,69,99,10.71,overcast clouds
519,Deputatskiy,RU,69.3,139.9,43.74,82,91,4.23,overcast clouds
520,Sabya,SA,17.1495,42.6254,89.22,66,91,3.71,overcast clouds
521,Muli,MV,2.9167,73.5667,82.53,77,100,11.79,overcast clouds
522,Christchurch,NZ,-43.5333,172.6333,46.6,62,100,8.05,overcast clouds
523,Kissidougou,GN,9.1848,-10.0999,72.81,91,100,3.29,moderate rain
524,Havelock,US,34.8791,-76.9013,89.06,79,97,5.99,overcast clouds
525,Shenjiamen,CN,29.9576,122.298,78.96,84,100,19.33,overcast clouds
526,Nampula,MZ,-15.1165,39.2666,67.95,83,0,9.22,clear sky
527,Obo,CF,5.3998,26.4869,69.73,95,100,1.01,moderate rain
528,Cocobeach,GA,1.0002,9.5823,75.65,80,11,9.55,few clouds
529,Manono,CD,-7.3,27.4167,80.55,37,69,3.38,broken clouds
530,Burnie,AU,-41.0667,145.9167,39.94,78,14,7.23,few clouds
531,Biaora,IN,23.8667,76.9167,83.28,77,100,4.29,overcast clouds
532,Ronne,DK,55.1009,14.7066,66.11,77,40,9.22,scattered clouds
533,Padang,ID,-0.9492,100.3543,78.55,86,93,3.27,overcast clouds
534,Nuuk,GL,64.1835,-51.7216,56.01,62,20,9.22,few clouds
535,Los Llanos De Aridane,ES,28.6585,-17.9182,69.55,78,40,5.75,scattered clouds
536,Samagaltay,RU,50.6022,95.0047,48.52,86,41,5.53,scattered clouds
537,Chapais,CA,49.7834,-74.8492,65.98,46,100,4.68,overcast clouds
538,Karimganj,IN,24.8667,92.35,79.74,91,6,2.59,clear sky
539,Mayumba,GA,-3.432,10.6554,70.39,87,51,7.74,broken clouds
540,Hobyo,SO,5.3505,48.5268,79.07,77,88,28.39,overcast clouds
541,Mitsamiouli,KM,-11.3847,43.2844,78.26,73,100,6.53,overcast clouds
542,Vostok,RU,46.4856,135.8833,60.89,97,75,3.74,broken clouds
543,Alindao,CF,5.0267,21.2088,71.47,96,100,0.76,moderate rain
544,Husavik,IS,66.0449,-17.3389,49.93,66,27,5.35,scattered clouds
545,Madras,IN,13.0878,80.2785,82.38,83,75,6.91,mist
546,La Rioja,ES,42.25,-2.5,83.98,26,11,4.07,few clouds
547,Yebaishou,CN,41.3975,119.6408,68.05,68,0,5.82,clear sky
548,Taicheng,CN,38.731,113.228,69.57,63,0,4.25,clear sky
549,Nago,JP,26.5881,127.9761,82.45,90,100,7.14,overcast clouds
550,Ust-Kuyga,RU,70.0167,135.6,47.17,83,78,5.7,broken clouds
551,Vilyuysk,RU,63.7553,121.6247,61.5,94,35,3.06,light rain
552,Nizhniy Kuranakh,RU,58.8353,125.4869,61.72,94,100,3.29,overcast clouds
553,Pasighat,IN,28.0667,95.3333,79.0,88,96,3.76,overcast clouds
554,Doha,QA,25.2867,51.5333,95.31,66,100,10.36,overcast clouds
555,Farah,AF,32.5,62.5,82.94,16,0,3.98,clear sky
556,Asau,RO,46.4333,26.4,63.52,51,48,7.07,scattered clouds
557,Hervey Bay,AU,-25.2986,152.8535,51.89,66,0,19.84,clear sky
558,Nchelenge,ZM,-9.3451,28.734,70.86,59,72,4.65,broken clouds
559,Bourail,NC,-21.5667,165.4833,69.15,84,58,9.24,broken clouds
560,Tarana,IN,23.3333,76.0333,78.76,83,100,9.93,very heavy rain
561,Moyale,KE,3.5167,39.0584,68.9,45,82,6.91,broken clouds
562,Acapulco,MX,16.8634,-99.8901,85.82,74,75,6.91,broken clouds
563,Nurmijarvi,FI,60.4641,24.8073,65.95,81,40,11.5,light rain
564,Coihaique,CL,-45.5752,-72.0662,33.75,80,75,6.91,broken clouds
565,Samarai,PG,-10.6167,150.6667,77.7,83,100,20.24,overcast clouds
566,Araouane,ML,18.9048,-3.5265,100.63,23,46,10.29,scattered clouds
567,Omsukchan,RU,62.5333,155.8,74.53,53,0,9.08,clear sky
568,Bonnyville,CA,54.2668,-110.735,75.0,64,95,9.6,overcast clouds
569,Usinsk,RU,65.9939,57.5281,74.05,54,100,9.37,overcast clouds
570,Marsaxlokk,MT,35.8419,14.5431,80.08,69,20,6.91,few clouds
571,Newport,GB,51.5877,-2.9984,72.93,56,100,8.59,overcast clouds
572,Gold Coast,AU,-28.0,153.4333,51.19,78,6,5.75,clear sky
573,Isla Mujeres,MX,21.2311,-86.731,89.65,76,100,10.33,overcast clouds
574,Jiaozhou,CN,36.2839,120.0033,78.76,86,100,2.3,overcast clouds
575,Hirara,JP,24.8,125.2833,84.85,81,100,17.38,overcast clouds
576,Berlevag,NO,70.8578,29.0864,60.6,87,75,20.71,fog
577,Barcelos,PT,41.5388,-8.6151,89.85,33,100,6.64,overcast clouds
578,Okahandja,NA,-21.9833,16.9167,58.98,31,0,3.74,clear sky
579,Taveta,KE,-3.3963,37.6736,70.05,61,63,6.49,broken clouds
580,Dashitou,CN,43.3067,128.5114,61.03,96,100,6.51,heavy intensity rain
581,Dawei,MM,14.0833,98.2,74.44,96,100,3.8,light rain
582,Baykit,RU,61.67,96.37,50.68,96,98,1.01,overcast clouds
583,Cockburn Town,TC,21.4612,-71.1419,81.61,79,0,17.58,clear sky
584,Cabedelo,BR,-6.9811,-34.8339,81.27,79,79,16.96,broken clouds
585,Sabang,ID,5.8933,95.3214,82.51,79,100,15.88,overcast clouds
586,Los Negros,BO,-17.7333,-63.4333,78.93,52,91,13.18,overcast clouds
587,Johnson City,US,36.3134,-82.3535,83.8,77,40,3.44,scattered clouds
588,Talcahuano,CL,-36.7167,-73.1167,44.28,93,100,4.61,moderate rain
589,Monte Santo,BR,-10.4378,-39.3328,75.09,64,87,10.78,overcast clouds
590,Babocsa,HU,46.0416,17.3433,68.79,47,8,6.69,clear sky
591,Venice,US,27.0998,-82.4543,95.99,64,0,11.5,clear sky
592,Ocos,GT,14.5094,-92.1933,91.58,69,27,4.99,scattered clouds
593,Rawson,AR,-43.3002,-65.1023,49.12,35,2,8.1,clear sky
594,Paoua,CF,7.2427,16.4406,67.95,88,78,1.7,broken clouds
595,Kochki,RU,54.3358,80.4806,49.8,90,16,5.37,few clouds
596,Saint-Pierre,RE,-21.3393,55.4781,67.91,82,75,10.36,broken clouds
597,Stantsionno-Oyashinskiy,RU,55.4664,83.8245,47.62,77,25,3.71,scattered clouds
598,Hualmay,PE,-11.0964,-77.6139,65.91,70,16,11.01,few clouds
599,Porosozero,RU,62.7191,32.727,58.19,77,35,5.14,scattered clouds
600,Strangnas,SE,59.3774,17.0312,66.94,61,4,12.35,clear sky
601,Esil,KZ,51.9556,66.4042,69.31,71,12,7.72,few clouds
602,Assiniboia,CA,49.6334,-105.9845,85.82,35,9,13.8,clear sky
603,La Asuncion,VE,11.0333,-63.8628,73.13,100,100,18.41,overcast clouds
604,Shamary,RU,57.3434,58.2199,65.41,92,1,2.48,clear sky
605,Bhind,IN,26.5642,78.7883,94.46,41,1,8.88,clear sky
606,Krasnorechenskiy,RU,44.6265,135.3532,61.88,99,100,3.67,overcast clouds
607,Concepcion Del Oro,MX,24.6333,-101.4167,80.65,23,12,7.43,few clouds
608,Ugoofaaru,MV,5.6667,73.0,82.33,76,89,15.41,overcast clouds
609,Robstown,US,27.7903,-97.6689,100.74,52,40,12.66,scattered clouds
610,Fairbanks,US,64.8378,-147.7164,58.6,82,75,8.05,smoke
611,Andenes,NO,69.3143,16.1194,54.93,94,75,14.97,broken clouds
612,Porto Novo,BJ,6.4965,2.6036,76.82,85,100,10.74,overcast clouds
613,Takoradi,GH,4.8845,-1.7554,75.33,86,100,7.78,overcast clouds
614,Danshui,CN,22.7984,114.4672,80.58,90,4,0.34,clear sky
615,Richards Bay,ZA,-28.783,32.0377,62.55,65,0,7.11,clear sky
616,Lethem,GY,3.3803,-59.7968,84.0,73,100,5.46,overcast clouds
617,Turbat,PK,26.0023,63.044,88.11,72,100,6.78,overcast clouds
618,Fukue,JP,32.6881,128.8419,80.35,91,66,17.07,broken clouds
619,Bukama,CD,-9.2,25.85,73.65,41,1,2.57,clear sky
620,Lesnoy,RU,57.6198,63.0784,66.4,85,59,5.14,broken clouds
621,Amahai,ID,-3.3333,128.9167,75.24,96,99,5.41,overcast clouds
622,Sakakah,SA,29.9697,40.2064,96.37,19,0,13.49,clear sky
623,Yerbogachen,RU,61.2767,108.0108,52.92,59,100,4.45,overcast clouds
624,Inuvik,CA,68.3499,-133.7218,47.16,97,100,9.22,overcast clouds
625,Moron,AR,-34.6534,-58.6198,61.93,63,100,7.58,overcast clouds
626,Kushima,JP,31.4583,131.2333,78.87,90,100,6.89,overcast clouds
627,Nioro,GM,13.35,-15.75,80.46,78,99,9.69,moderate rain
628,Baherove,UA,45.3742,36.2971,72.55,55,0,17.34,clear sky
629,Gunupur,IN,19.0833,83.8167,76.57,90,100,2.42,overcast clouds
630,Corning,US,42.1428,-77.0547,83.5,65,40,4.61,scattered clouds
631,Svetlyy,RU,54.675,20.1347,66.25,81,1,13.71,clear sky
632,Randfontein,ZA,-26.1844,27.702,52.7,36,6,4.05,clear sky
633,Waxahachie,US,32.3865,-96.8483,106.12,27,0,4.61,clear sky
634,Kota Belud,MY,6.351,116.4305,77.45,83,99,8.52,overcast clouds
635,Roebourne,AU,-20.7833,117.1333,64.47,52,50,9.08,scattered clouds
636,Elbistan,TR,38.2059,37.1983,69.3,46,0,4.14,clear sky
637,Hailar,CN,49.2,119.7,58.98,97,100,5.7,moderate rain
638,Zhigansk,RU,66.7697,123.3711,61.45,79,99,5.14,overcast clouds
639,Sobolevo,RU,54.4299,31.8996,54.21,95,100,4.99,overcast clouds
640,Laguna,US,38.421,-121.4238,87.15,47,0,9.22,clear sky
641,Chimoio,MZ,-19.1164,33.4833,64.26,72,75,2.13,broken clouds
642,Tandalti,SD,13.0167,31.8667,84.33,55,100,9.51,overcast clouds
643,Camana,PE,-16.6228,-72.7111,63.23,73,17,6.6,few clouds
644,Yiyang,CN,28.5892,112.3283,81.57,80,97,5.59,overcast clouds
645,Bend,US,44.0582,-121.3153,86.32,32,0,7.0,clear sky
646,Havre-Saint-Pierre,CA,50.2334,-63.5986,61.16,72,100,11.5,overcast clouds
647,Rondonopolis,BR,-16.4708,-54.6356,94.3,19,96,7.96,overcast clouds
648,Malpe,IN,13.35,74.7167,76.3,84,100,19.37,overcast clouds
649,San Ignacio,BZ,17.1561,-89.0714,82.54,89,40,6.91,thunderstorm
650,Aswan,EG,24.0934,32.907,94.3,26,0,6.91,clear sky
651,Natal,BR,-5.795,-35.2094,82.62,78,40,14.97,scattered clouds
652,San-Pedro,CI,4.7485,-6.6363,75.7,84,99,9.19,overcast clouds
653,Lipin Bor,RU,60.2622,37.9763,64.33,76,96,5.79,overcast clouds
654,Gornozavodsk,RU,58.3758,58.3211,64.42,92,21,0.92,few clouds
655,Nizhniy Ingash,RU,56.2,96.53,46.44,96,15,4.65,few clouds
656,Ariquemes,BR,-9.9133,-63.0408,95.34,26,64,1.99,broken clouds
657,Maridi,SS,4.9158,29.4742,67.42,97,100,2.26,light rain
658,Liberal,US,37.0431,-100.921,94.24,33,0,14.97,clear sky
659,San Carlos De Bariloche,AR,-41.1456,-71.3082,39.24,65,75,3.44,broken clouds
660,Davila,PH,18.4726,120.5763,81.23,74,86,7.56,overcast clouds
661,Abbeville,FR,50.1,1.8333,75.49,64,98,5.26,overcast clouds
662,Fergus Falls,US,46.283,-96.0776,80.58,52,0,3.44,clear sky
663,Flagstaff,US,35.1981,-111.6513,88.52,35,100,9.22,overcast clouds
664,Pastos Bons,BR,-6.6017,-44.0767,93.54,25,90,8.32,overcast clouds
665,Dakar,SN,14.6937,-17.4441,83.28,74,40,6.91,scattered clouds
666,Bosaso,SO,11.2842,49.1816,91.31,40,94,9.26,overcast clouds
667,Muisne,EC,0.6,-80.0333,76.71,82,93,13.65,overcast clouds
668,Skagen,DK,57.7209,10.5839,61.25,70,2,30.33,clear sky
669,George Town,MY,5.4112,100.3354,80.89,93,40,5.01,light rain
670,Tabriz,IR,38.08,46.2919,81.86,28,0,18.41,clear sky
671,Broome,US,42.2506,-75.833,80.85,67,100,3.44,light rain
672,Kaduqli,SD,11.0167,29.7167,75.94,81,100,5.03,overcast clouds
673,Mnogovershinnyy,RU,53.9353,139.9242,65.19,86,99,1.57,overcast clouds
674,Iracoubo,GF,5.4802,-53.2011,75.07,92,100,4.07,overcast clouds
675,Alta Floresta,BR,-9.8756,-56.0861,96.62,26,40,6.91,scattered clouds
676,Houma,US,29.5958,-90.7195,90.0,75,100,5.01,overcast clouds
677,Menongue,AO,-14.6585,17.691,54.9,46,0,5.32,clear sky
678,Tilichiki,RU,60.4667,166.1,65.39,71,24,3.69,few clouds
679,Tromso,NO,69.6496,18.957,57.22,82,40,11.5,scattered clouds
680,Kuloy,RU,61.0305,42.4925,62.94,97,99,1.23,overcast clouds
681,Plettenberg Bay,ZA,-34.0527,23.3716,55.87,64,0,9.64,clear sky
682,Malayal,PH,7.208,121.942,78.94,84,98,0.65,overcast clouds
683,Esna,EG,25.2934,32.554,91.42,18,100,19.04,overcast clouds
